<keymap version="1" name="MyEmacs" parent="Emacs">
  <action id="$Copy">
    <keyboard-shortcut first-keystroke="alt c" />
  </action>
  <action id="$Redo">
    <keyboard-shortcut first-keystroke="shift ctrl slash" />
  </action>
  <action id="ActivateDatabaseToolWindow">
    <keyboard-shortcut first-keystroke="ctrl x" second-keystroke="ctrl d" />
  </action>
  <action id="ActivateDebugToolWindow">
    <keyboard-shortcut first-keystroke="ctrl c" second-keystroke="ctrl d" />
  </action>
  <action id="ActivateProjectToolWindow">
    <keyboard-shortcut first-keystroke="ctrl x" second-keystroke="ctrl j" />
  </action>
  <action id="Back">
    <keyboard-shortcut first-keystroke="alt comma" />
  </action>
  <action id="CallHierarchy">
    <keyboard-shortcut first-keystroke="ctrl c" second-keystroke="c" />
  </action>
  <action id="ChangeSignature" />
  <action id="ChangeSplitOrientation">
    <keyboard-shortcut first-keystroke="ctrl x" second-keystroke="alt 1" />
  </action>
  <action id="ChangesView.AddUnversioned" />
  <action id="ChangesView.Commit">
    <keyboard-shortcut first-keystroke="ctrl comma" second-keystroke="c" />
  </action>
  <action id="ChangesView.GroupBy.Directory" />
  <action id="ChangesView.Move">
    <keyboard-shortcut first-keystroke="ctrl comma" second-keystroke="ctrl equals" />
  </action>
  <action id="ChangesView.Revert">
    <keyboard-shortcut first-keystroke="ctrl comma" second-keystroke="r" />
  </action>
  <action id="CheckinProject">
    <keyboard-shortcut first-keystroke="ctrl comma" second-keystroke="ctrl c" />
  </action>
  <action id="ChooseRunConfiguration">
    <keyboard-shortcut first-keystroke="ctrl c" second-keystroke="r" />
  </action>
  <action id="ClassNameCompletion" />
  <action id="CloseContent">
    <keyboard-shortcut first-keystroke="ctrl x" second-keystroke="k" />
    <keyboard-shortcut first-keystroke="ctrl x" second-keystroke="0" />
  </action>
  <action id="CodeCompletion">
    <keyboard-shortcut first-keystroke="alt q" />
  </action>
  <action id="CollapseBlock" />
  <action id="CommentByBlockComment" />
  <action id="CommentByLineComment">
    <keyboard-shortcut first-keystroke="ctrl x" second-keystroke="ctrl semicolon" />
  </action>
  <action id="CompareDirs" />
  <action id="CompareTwoFiles" />
  <action id="Console.Execute.Multiline" />
  <action id="Console.Jdbc.Execute.2">
    <keyboard-shortcut first-keystroke="ctrl enter" />
  </action>
  <action id="Console.TableResult.CompareCells" />
  <action id="Console.TableResult.Submit" />
  <action id="CopyFileName">
    <keyboard-shortcut first-keystroke="alt c" />
  </action>
  <action id="DatabaseView.CopyDdlAction">
    <keyboard-shortcut first-keystroke="shift ctrl c" />
  </action>
  <action id="DatabaseView.ShowDiff" />
  <action id="DebugClass">
    <keyboard-shortcut first-keystroke="meta r" second-keystroke="shift r" />
  </action>
  <action id="Debugger.EvaluateInConsole">
    <keyboard-shortcut first-keystroke="ctrl c" second-keystroke="shift e" />
  </action>
  <action id="Diff.NextChange" />
  <action id="Diff.PrevChange" />
  <action id="Diff.ShowDiff">
    <keyboard-shortcut first-keystroke="ctrl comma" second-keystroke="d" />
  </action>
  <action id="Diff.ShowSettingsPopup" />
  <action id="DirDiffMenu.SynchronizeDiff.All" />
  <action id="EditSource">
    <keyboard-shortcut first-keystroke="ctrl enter" />
  </action>
  <action id="EditorBackSpace">
    <keyboard-shortcut first-keystroke="ctrl h" />
    <keyboard-shortcut first-keystroke="back_space" />
  </action>
  <action id="EditorBackwardParagraph" />
  <action id="EditorBackwardParagraphWithSelection" />
  <action id="EditorCloneCaretAbove">
    <keyboard-shortcut first-keystroke="ctrl alt comma" />
  </action>
  <action id="EditorCloneCaretBelow">
    <keyboard-shortcut first-keystroke="ctrl alt period" />
  </action>
  <action id="EditorContextInfo" />
  <action id="EditorCopy">
    <keyboard-shortcut first-keystroke="alt c" />
  </action>
  <action id="EditorDecreaseFontSize">
    <keyboard-shortcut first-keystroke="meta minus" />
  </action>
  <action id="EditorDeleteToWordStart">
    <keyboard-shortcut first-keystroke="ctrl back_space" />
    <keyboard-shortcut first-keystroke="alt back_space" />
  </action>
  <action id="EditorEscape">
    <keyboard-shortcut first-keystroke="escape" />
  </action>
  <action id="EditorForwardParagraph" />
  <action id="EditorForwardParagraphWithSelection" />
  <action id="EditorIncreaseFontSize">
    <keyboard-shortcut first-keystroke="meta equals" />
  </action>
  <action id="EditorLookupDown" />
  <action id="EditorLookupUp" />
  <action id="EditorNextWord">
    <keyboard-shortcut first-keystroke="alt f" />
  </action>
  <action id="EditorNextWordWithSelection" />
  <action id="EditorPasteSimple">
    <keyboard-shortcut first-keystroke="shift ctrl alt v" />
    <keyboard-shortcut first-keystroke="ctrl meta y" />
  </action>
  <action id="EditorPreviousWord">
    <keyboard-shortcut first-keystroke="alt b" />
  </action>
  <action id="EditorPreviousWordWithSelection" />
  <action id="EditorTextEnd">
    <keyboard-shortcut first-keystroke="ctrl end" />
  </action>
  <action id="EditorTextStart">
    <keyboard-shortcut first-keystroke="ctrl home" />
  </action>
  <action id="EditorToggleCase">
    <keyboard-shortcut first-keystroke="shift alt u" />
  </action>
  <action id="EditorToggleColumnMode">
    <keyboard-shortcut first-keystroke="ctrl alt space" />
  </action>
  <action id="EditorToggleStickySelection">
    <keyboard-shortcut first-keystroke="ctrl space" />
  </action>
  <action id="EvaluateExpression">
    <keyboard-shortcut first-keystroke="ctrl c" second-keystroke="e" />
  </action>
  <action id="FileChooser.GotoDesktop" />
  <action id="FileStructurePopup">
    <keyboard-shortcut first-keystroke="ctrl x" second-keystroke="ctrl t" />
  </action>
  <action id="FindNext" />
  <action id="FindPrevious">
    <keyboard-shortcut first-keystroke="ctrl r" />
  </action>
  <action id="FindUsagesInFile" />
  <action id="FindWordAtCaret" />
  <action id="FocusEditor" />
  <action id="ForceRunToCursor" />
  <action id="Git.Branches">
    <keyboard-shortcut first-keystroke="ctrl comma" second-keystroke="ctrl b" />
  </action>
  <action id="Git.Fetch">
    <keyboard-shortcut first-keystroke="ctrl comma" second-keystroke="f" />
  </action>
  <action id="Git.Pull">
    <keyboard-shortcut first-keystroke="ctrl comma" second-keystroke="shift f" />
  </action>
  <action id="Git.Stash">
    <keyboard-shortcut first-keystroke="ctrl comma" second-keystroke="z" />
  </action>
  <action id="Git.Unstash">
    <keyboard-shortcut first-keystroke="ctrl comma" second-keystroke="a" />
  </action>
  <action id="Github.Open.Commit.In.Browser">
    <keyboard-shortcut first-keystroke="ctrl comma" second-keystroke="o" />
  </action>
  <action id="GotoAction">
    <keyboard-shortcut first-keystroke="alt x" />
  </action>
  <action id="GotoClass">
    <keyboard-shortcut first-keystroke="shift alt g" />
    <keyboard-shortcut first-keystroke="ctrl x" second-keystroke="ctrl v" />
  </action>
  <action id="GotoCustomRegion" />
  <action id="GotoDeclaration">
    <keyboard-shortcut first-keystroke="alt t" />
  </action>
  <action id="GotoImplementation">
    <keyboard-shortcut first-keystroke="alt i" />
  </action>
  <action id="GotoRelated">
    <keyboard-shortcut first-keystroke="alt r" />
    <keyboard-shortcut first-keystroke="shift ctrl r" />
  </action>
  <action id="HideActiveWindow">
    <keyboard-shortcut first-keystroke="meta x" second-keystroke="meta k" />
  </action>
  <action id="HideAllWindows">
    <keyboard-shortcut first-keystroke="shift ctrl g" />
    <keyboard-shortcut first-keystroke="meta x" second-keystroke="meta c" />
  </action>
  <action id="HippieBackwardCompletion">
    <keyboard-shortcut first-keystroke="shift ctrl q" />
  </action>
  <action id="HippieCompletion">
    <keyboard-shortcut first-keystroke="ctrl q" />
  </action>
  <action id="InsertLiveTemplate" />
  <action id="Jdbc.RunSqlScript" />
  <action id="JumpToLastChange">
    <keyboard-shortcut first-keystroke="shift alt comma" />
  </action>
  <action id="JumpToNextChange">
    <keyboard-shortcut first-keystroke="shift alt period" />
  </action>
  <action id="MaximizeEditorInSplit">
    <keyboard-shortcut first-keystroke="ctrl x" second-keystroke="m" />
  </action>
  <action id="MethodOverloadSwitchDown">
    <keyboard-shortcut first-keystroke="alt 1" />
  </action>
  <action id="MethodOverloadSwitchUp">
    <keyboard-shortcut first-keystroke="alt 1" />
  </action>
  <action id="MoveLineDown" />
  <action id="MoveLineUp" />
  <action id="NewElement">
    <keyboard-shortcut first-keystroke="ctrl c" second-keystroke="ctrl n" />
  </action>
  <action id="NextEditorTab" />
  <action id="PasteMultiple">
    <keyboard-shortcut first-keystroke="ctrl alt y" />
  </action>
  <action id="PrevSplitter">
    <keyboard-shortcut first-keystroke="ctrl x" second-keystroke="shift o" />
  </action>
  <action id="PreviousEditorTab" />
  <action id="QuickEvaluateExpression" />
  <action id="QuickJavaDoc">
    <mouse-shortcut keystroke="alt button2" />
  </action>
  <action id="RecentFiles">
    <keyboard-shortcut first-keystroke="ctrl x" second-keystroke="ctrl r" />
  </action>
  <action id="Refresh" />
  <action id="ReplaceInPath" />
  <action id="Rerun" />
  <action id="ResizeToolWindowDown" />
  <action id="ResizeToolWindowLeft" />
  <action id="ResizeToolWindowRight" />
  <action id="ResizeToolWindowUp" />
  <action id="RestoreDefaultLayout" />
  <action id="Run">
    <keyboard-shortcut first-keystroke="ctrl c" second-keystroke="alt r" />
  </action>
  <action id="RunClass">
    <keyboard-shortcut first-keystroke="meta r" second-keystroke="meta r" />
  </action>
  <action id="RunDashboard.Run" />
  <action id="RunJsbtTask" />
  <action id="RunToCursor" />
  <action id="SearchEverywhere">
    <keyboard-shortcut first-keystroke="ctrl t" />
  </action>
  <action id="SearchEverywhere.NavigateToNextGroup" />
  <action id="SearchEverywhere.NavigateToPrevGroup" />
  <action id="SelectNextOccurrence">
    <keyboard-shortcut first-keystroke="shift ctrl period" />
  </action>
  <action id="SendEOF" />
  <action id="ShowBookmarks" />
  <action id="ShowErrorDescription" />
  <action id="SmartTypeCompletion" />
  <action id="Stop">
    <keyboard-shortcut first-keystroke="f10" />
  </action>
  <action id="StretchSplitToBottom">
    <keyboard-shortcut first-keystroke="shift alt down" />
  </action>
  <action id="StretchSplitToLeft">
    <keyboard-shortcut first-keystroke="shift alt left" />
  </action>
  <action id="StretchSplitToRight">
    <keyboard-shortcut first-keystroke="shift alt right" />
  </action>
  <action id="StretchSplitToTop">
    <keyboard-shortcut first-keystroke="shift alt up" />
  </action>
  <action id="Synchronize" />
  <action id="SynchronizeCurrentFile">
    <keyboard-shortcut first-keystroke="alt u" />
  </action>
  <action id="Table-selectFirstRow">
    <keyboard-shortcut first-keystroke="ctrl home" />
  </action>
  <action id="Terminal.CopySelectedText">
    <keyboard-shortcut first-keystroke="ctrl insert" />
  </action>
  <action id="Terminal.SwitchFocusToEditor" />
  <action id="ToggleBookmark2">
    <keyboard-shortcut first-keystroke="shift ctrl 2" />
  </action>
  <action id="ToggleBreakpointEnabled">
    <keyboard-shortcut first-keystroke="ctrl c" second-keystroke="b" />
  </action>
  <action id="ToggleCamelSnakeCase" />
  <action id="ToggleLineBreakpoint">
    <keyboard-shortcut first-keystroke="ctrl c" second-keystroke="d" />
  </action>
  <action id="ToggleTemporaryLineBreakpoint" />
  <action id="Tool_RuboCop_Fix layout">
    <keyboard-shortcut first-keystroke="meta o" />
  </action>
  <action id="Tree-selectFirst">
    <keyboard-shortcut first-keystroke="ctrl home" />
  </action>
  <action id="TypeHierarchy">
    <keyboard-shortcut first-keystroke="ctrl c" second-keystroke="t" />
  </action>
  <action id="Uml.ShowDiff" />
  <action id="Unsplit">
    <keyboard-shortcut first-keystroke="ctrl x" second-keystroke="1" />
  </action>
  <action id="UnsplitAll" />
  <action id="UpdateRunningApplication" />
  <action id="Vcs.Push">
    <keyboard-shortcut first-keystroke="ctrl comma" second-keystroke="shift p" />
  </action>
  <action id="Vcs.QuickListPopupAction">
    <keyboard-shortcut first-keystroke="ctrl comma" second-keystroke="ctrl comma" />
  </action>
  <action id="Vcs.Show.Local.Changes">
    <keyboard-shortcut first-keystroke="ctrl comma" second-keystroke="l" />
  </action>
  <action id="Vcs.Show.Log">
    <keyboard-shortcut first-keystroke="ctrl comma" second-keystroke="shift l" />
  </action>
  <action id="Vcs.UpdateProject" />
  <action id="VcsHistory.ShowAllAffected" />
  <action id="ViewSource" />
  <action id="XDebugger.MoveWatchDown" />
  <action id="com.jetbrains.php.framework.FrameworkRunConsoleAction" />
  <action id="copilot.applyInlays">
    <keyboard-shortcut first-keystroke="tab" />
    <keyboard-shortcut first-keystroke="ctrl e" />
  </action>
  <action id="copilot.cycleNextInlays">
    <keyboard-shortcut first-keystroke="alt close_bracket" />
    <keyboard-shortcut first-keystroke="ctrl period" />
    <keyboard-shortcut first-keystroke="alt n" />
  </action>
  <action id="copilot.cyclePrevInlays">
    <keyboard-shortcut first-keystroke="alt open_bracket" />
    <keyboard-shortcut first-keystroke="ctrl comma" />
    <keyboard-shortcut first-keystroke="alt p" />
  </action>
  <action id="org.intellij.plugins.markdown.ui.actions.styling.ToggleBoldAction" />
  <action id="org.jetbrains.plugins.ruby.rails.actions.navigation.SwitchToController">
    <keyboard-shortcut first-keystroke="ctrl x" second-keystroke="ctrl a" />
  </action>
  <action id="org.jetbrains.plugins.ruby.rails.actions.navigation.SwitchToView">
    <keyboard-shortcut first-keystroke="shift ctrl v" />
  </action>
  <action id="railways.copyRouteName" />
  <action id="railways.gotoRouteAction">
    <keyboard-shortcut first-keystroke="ctrl x" second-keystroke="ctrl u" />
  </action>
</keymap>